<?xml version="1.0"?>
<PlantsData xmlns:xsi="http://www.w3.org/2001/XMLSchema-instance" xmlns:xsd="http://www.w3.org/2001/XMLSchema">
  <Spring >    
    <PlantLoadedInfo>
      <Name>Зелёная фасоль</Name>
      <IconName>Зелёная_фасоль.png</IconName>
      <PriceJoja>75</PriceJoja>
      <PricePiere>60</PricePiere>
      <PriceOther>0</PriceOther>
      <GradePrices>
        <GradePrice>
          <Grade>Ordinary</Grade>
          <Cost>40</Cost>
        </GradePrice>
        <GradePrice>
          <Grade>Silver</Grade>
          <Cost>50</Cost>
        </GradePrice>
        <GradePrice>
          <Grade>Gold</Grade>
          <Cost>60</Cost>
        </GradePrice>
        <GradePrice>
          <Grade>Iridium</Grade>
          <Cost>70</Cost>
        </GradePrice>
      </GradePrices>
      <SingleHarvest>1</SingleHarvest>
      <RipeningTime>10</RipeningTime>
      <AdditionalTime>3</AdditionalTime>
      <IsAllowToJuice>true</IsAllowToJuice>
      <IsAllowToPickles>true</IsAllowToPickles>
      <IsNotProcessed>false</IsNotProcessed>
    </PlantLoadedInfo>
    <PlantLoadedInfo>
      <Name>Картофель</Name>
      <IconName>Картофель.png</IconName>
      <PriceJoja>62</PriceJoja>
      <PricePiere>50</PricePiere>
      <PriceOther>0</PriceOther>
      <GradePrices>
        <GradePrice>
          <Grade>Ordinary</Grade>
          <Cost>80</Cost>
        </GradePrice>
        <GradePrice>
          <Grade>Silver</Grade>
          <Cost>100</Cost>
        </GradePrice>
        <GradePrice>
          <Grade>Gold</Grade>
          <Cost>120</Cost>
        </GradePrice>
        <GradePrice>
          <Grade>Iridium</Grade>
          <Cost>160</Cost>
        </GradePrice>
      </GradePrices>
      <SingleHarvest>1.25</SingleHarvest>
      <RipeningTime>6</RipeningTime>
      <AdditionalTime>0</AdditionalTime>
      <IsAllowToJuice>true</IsAllowToJuice>
      <IsAllowToPickles>true</IsAllowToPickles>
      <IsNotProcessed>false</IsNotProcessed>
    </PlantLoadedInfo>
    <PlantLoadedInfo>
      <Name>Клубника</Name>
      <IconName>Клубника.png</IconName>
      <PriceJoja>0</PriceJoja>
      <PricePiere>0</PricePiere>
      <PriceOther>100</PriceOther>
      <GradePrices>
        <GradePrice>
          <Grade>Ordinary</Grade>
          <Cost>120</Cost>
        </GradePrice>
        <GradePrice>
          <Grade>Silver</Grade>
          <Cost>150</Cost>
        </GradePrice>
        <GradePrice>
          <Grade>Gold</Grade>
          <Cost>180</Cost>
        </GradePrice>
        <GradePrice>
          <Grade>Iridium</Grade>
          <Cost>240</Cost>
        </GradePrice>
      </GradePrices>
      <SingleHarvest>1.02</SingleHarvest>
      <RipeningTime>8</RipeningTime>
      <AdditionalTime>4</AdditionalTime>
      <IsAllowToJuice>false</IsAllowToJuice>
      <IsAllowToPickles>false</IsAllowToPickles>
      <IsNotProcessed>false</IsNotProcessed>
    </PlantLoadedInfo>
    <PlantLoadedInfo>
      <Name>Кофейное зерно</Name>
      <IconName>Кофейное_зерно.png</IconName>
      <PriceJoja>0</PriceJoja>
      <PricePiere>0</PricePiere>
      <PriceOther>2500</PriceOther>
      <GradePrices>
        <GradePrice>
          <Grade>Ordinary</Grade>
          <Cost>15</Cost>
        </GradePrice>
        <GradePrice>
          <Grade>Silver</Grade>
          <Cost>18</Cost>
        </GradePrice>
        <GradePrice>
          <Grade>Gold</Grade>
          <Cost>22</Cost>
        </GradePrice>
        <GradePrice>
          <Grade>Iridium</Grade>
          <Cost>30</Cost>
        </GradePrice>
      </GradePrices>
      <SingleHarvest>4</SingleHarvest>
      <RipeningTime>10</RipeningTime>
      <AdditionalTime>2</AdditionalTime>
      <IsAllowToJuice>false</IsAllowToJuice>
      <IsAllowToPickles>false</IsAllowToPickles>
      <IsNotProcessed>true</IsNotProcessed>
    </PlantLoadedInfo>
    <PlantLoadedInfo>
      <Name>Кудрявая капуста</Name>
      <IconName>Кудрявая_капуста.png</IconName>
      <PriceJoja>87</PriceJoja>
      <PricePiere>70</PricePiere>
      <PriceOther>0</PriceOther>
      <GradePrices>
        <GradePrice>
          <Grade>Ordinary</Grade>
          <Cost>110</Cost>
        </GradePrice>
        <GradePrice>
          <Grade>Silver</Grade>
          <Cost>137</Cost>
        </GradePrice>
        <GradePrice>
          <Grade>Gold</Grade>
          <Cost>165</Cost>
        </GradePrice>
        <GradePrice>
          <Grade>Iridium</Grade>
          <Cost>220</Cost>
        </GradePrice>
      </GradePrices>
      <SingleHarvest>1</SingleHarvest>
      <RipeningTime>6</RipeningTime>
      <AdditionalTime>0</AdditionalTime>
      <IsAllowToJuice>true</IsAllowToJuice>
      <IsAllowToPickles>true</IsAllowToPickles>
      <IsNotProcessed>false</IsNotProcessed>
    </PlantLoadedInfo>
    <PlantLoadedInfo>
      <Name>Пастернак</Name>
      <IconName>Пастернак.png</IconName>
      <PriceJoja>25</PriceJoja>
      <PricePiere>20</PricePiere>
      <PriceOther>0</PriceOther>
      <GradePrices>
        <GradePrice>
          <Grade>Ordinary</Grade>
          <Cost>35</Cost>
        </GradePrice>
        <GradePrice>
          <Grade>Silver</Grade>
          <Cost>43</Cost>
        </GradePrice>
        <GradePrice>
          <Grade>Gold</Grade>
          <Cost>52</Cost>
        </GradePrice>
        <GradePrice>
          <Grade>Iridium</Grade>
          <Cost>70</Cost>
        </GradePrice>
      </GradePrices>
      <SingleHarvest>1</SingleHarvest>
      <RipeningTime>4</RipeningTime>
      <AdditionalTime>0</AdditionalTime>
      <IsAllowToJuice>true</IsAllowToJuice>
      <IsAllowToPickles>true</IsAllowToPickles>
    </PlantLoadedInfo>
    <PlantLoadedInfo>
      <Name>Ревень</Name>
      <IconName>Ревень.png</IconName>
      <PriceJoja>0</PriceJoja>
      <PricePiere>0</PricePiere>
      <PriceOther>100</PriceOther>
      <GradePrices>
        <GradePrice>
          <Grade>Ordinary</Grade>
          <Cost>220</Cost>
        </GradePrice>
        <GradePrice>
          <Grade>Silver</Grade>
          <Cost>275</Cost>
        </GradePrice>
        <GradePrice>
          <Grade>Gold</Grade>
          <Cost>330</Cost>
        </GradePrice>
        <GradePrice>
          <Grade>Iridium</Grade>
          <Cost>440</Cost>
        </GradePrice>
      </GradePrices>
      <SingleHarvest>1</SingleHarvest>
      <RipeningTime>13</RipeningTime>
      <AdditionalTime>0</AdditionalTime>
      <IsAllowToJuice>false</IsAllowToJuice>
      <IsAllowToPickles>false</IsAllowToPickles>
      <IsNotProcessed>false</IsNotProcessed>
    </PlantLoadedInfo>
    <PlantLoadedInfo>
      <Name>Синий яркоцвет</Name>
      <IconName>Синий_яркоцвет.png</IconName>
      <PriceJoja>37</PriceJoja>
      <PricePiere>30</PricePiere>
      <PriceOther>0</PriceOther>
      <GradePrices>
        <GradePrice>
          <Grade>Ordinary</Grade>
          <Cost>50</Cost>
        </GradePrice>
        <GradePrice>
          <Grade>Silver</Grade>
          <Cost>62</Cost>
        </GradePrice>
        <GradePrice>
          <Grade>Gold</Grade>
          <Cost>75</Cost>
        </GradePrice>
        <GradePrice>
          <Grade>Iridium</Grade>
          <Cost>100</Cost>
        </GradePrice>
      </GradePrices>
      <SingleHarvest>1</SingleHarvest>
      <RipeningTime>7</RipeningTime>
      <AdditionalTime>0</AdditionalTime>
      <IsAllowToJuice>false</IsAllowToJuice>
      <IsAllowToPickles>false</IsAllowToPickles>
      <IsNotProcessed>true</IsNotProcessed>
    </PlantLoadedInfo>
    <PlantLoadedInfo>
      <Name>Тюльпан</Name>
      <IconName>Тюльпан.png</IconName>
      <PriceJoja>25</PriceJoja>
      <PricePiere>20</PricePiere>
      <PriceOther>0</PriceOther>
      <GradePrices>
        <GradePrice>
          <Grade>Ordinary</Grade>
          <Cost>30</Cost>
        </GradePrice>
        <GradePrice>
          <Grade>Silver</Grade>
          <Cost>37</Cost>
        </GradePrice>
        <GradePrice>
          <Grade>Gold</Grade>
          <Cost>45</Cost>
        </GradePrice>
        <GradePrice>
          <Grade>Iridium</Grade>
          <Cost>60</Cost>
        </GradePrice>
      </GradePrices>
      <SingleHarvest>1</SingleHarvest>
      <RipeningTime>6</RipeningTime>
      <AdditionalTime>0</AdditionalTime>
      <IsAllowToJuice>false</IsAllowToJuice>
      <IsAllowToPickles>false</IsAllowToPickles>
      <IsNotProcessed>true</IsNotProcessed>
    </PlantLoadedInfo>
    <PlantLoadedInfo>
      <Name>Цветная капуста</Name>
      <IconName>Цветная_капуста.png</IconName>
      <PriceJoja>100</PriceJoja>
      <PricePiere>80</PricePiere>
      <PriceOther>0</PriceOther>
      <GradePrices>
        <GradePrice>
          <Grade>Ordinary</Grade>
          <Cost>175</Cost>
        </GradePrice>
        <GradePrice>
          <Grade>Silver</Grade>
          <Cost>218</Cost>
        </GradePrice>
        <GradePrice>
          <Grade>Gold</Grade>
          <Cost>262</Cost>
        </GradePrice>
        <GradePrice>
          <Grade>Iridium</Grade>
          <Cost>350</Cost>
        </GradePrice>
      </GradePrices>
      <SingleHarvest>1</SingleHarvest>
      <RipeningTime>12</RipeningTime>
      <AdditionalTime>0</AdditionalTime>
      <IsAllowToJuice>true</IsAllowToJuice>
      <IsAllowToPickles>true</IsAllowToPickles>
      <IsNotProcessed>false</IsNotProcessed>
    </PlantLoadedInfo>
    <PlantLoadedInfo>
      <Name>Чеснок</Name>
      <IconName>Чеснок.png</IconName>
      <PriceJoja>0</PriceJoja>
      <PricePiere>40</PricePiere>
      <PriceOther>0</PriceOther>
      <GradePrices>
        <GradePrice>
          <Grade>Ordinary</Grade>
          <Cost>60</Cost>
        </GradePrice>
        <GradePrice>
          <Grade>Silver</Grade>
          <Cost>75</Cost>
        </GradePrice>
        <GradePrice>
          <Grade>Gold</Grade>
          <Cost>90</Cost>
        </GradePrice>
        <GradePrice>
          <Grade>Iridium</Grade>
          <Cost>120</Cost>
        </GradePrice>
      </GradePrices>
      <SingleHarvest>1</SingleHarvest>
      <RipeningTime>4</RipeningTime>
      <AdditionalTime>0</AdditionalTime>
      <IsAllowToJuice>true</IsAllowToJuice>
      <IsAllowToPickles>true</IsAllowToPickles>
      <IsNotProcessed>false</IsNotProcessed>
    </PlantLoadedInfo>
    <PlantLoadedInfo>
      <Name>Не измельчённый рис</Name>
      <IconName>Не_измельчённый_рис.png</IconName>
      <PriceJoja>0</PriceJoja>
      <PricePiere>40</PricePiere>
      <PriceOther>0</PriceOther>
      <GradePrices>
        <GradePrice>
          <Grade>Ordinary</Grade>
          <Cost>30</Cost>
        </GradePrice>
        <GradePrice>
          <Grade>Silver</Grade>
          <Cost>37</Cost>
        </GradePrice>
        <GradePrice>
          <Grade>Gold</Grade>
          <Cost>45</Cost>
        </GradePrice>
        <GradePrice>
          <Grade>Iridium</Grade>
          <Cost>60</Cost>
        </GradePrice>
      </GradePrices>
      <SingleHarvest>1</SingleHarvest>
      <RipeningTime>7</RipeningTime>
      <AdditionalTime>0</AdditionalTime>
      <IsAllowToJuice>true</IsAllowToJuice>
      <IsAllowToPickles>true</IsAllowToPickles>
      <IsNotProcessed>false</IsNotProcessed>
    </PlantLoadedInfo>  
  </Spring>
  <Summer>
    <PlantLoadedInfo>
      <Name>Ананас</Name>
      <IconName>Ананас.png</IconName>
      <PriceJoja>0</PriceJoja>
      <PricePiere>0</PricePiere>
      <PriceOther>0</PriceOther>
      <GradePrices>
        <GradePrice>
          <Grade>Ordinary</Grade>
          <Cost>300</Cost>
        </GradePrice>
        <GradePrice>
          <Grade>Silver</Grade>
          <Cost>375</Cost>
        </GradePrice>
        <GradePrice>
          <Grade>Gold</Grade>
          <Cost>450</Cost>
        </GradePrice>
        <GradePrice>
          <Grade>Iridium</Grade>
          <Cost>600</Cost>
        </GradePrice>
      </GradePrices>
      <SingleHarvest>1</SingleHarvest>
      <RipeningTime>14</RipeningTime>
      <AdditionalTime>7</AdditionalTime>
      <IsAllowToJuice>false</IsAllowToJuice>
      <IsAllowToPickles>false</IsAllowToPickles>
      <IsNotProcessed>false</IsNotProcessed>
    </PlantLoadedInfo>
    <PlantLoadedInfo>
      <Name>Дыня</Name>
      <IconName>Дыня.png</IconName>
      <PriceJoja>100</PriceJoja>
      <PricePiere>80</PricePiere>
      <PriceOther>0</PriceOther>
      <GradePrices>
        <GradePrice>
          <Grade>Ordinary</Grade>
          <Cost>250</Cost>
        </GradePrice>
        <GradePrice>
          <Grade>Silver</Grade>
          <Cost>312</Cost>
        </GradePrice>
        <GradePrice>
          <Grade>Gold</Grade>
          <Cost>375</Cost>
        </GradePrice>
        <GradePrice>
          <Grade>Iridium</Grade>
          <Cost>500</Cost>
        </GradePrice>
      </GradePrices>
      <SingleHarvest>1</SingleHarvest>
      <RipeningTime>12</RipeningTime>
      <AdditionalTime>0</AdditionalTime>
      <IsAllowToJuice>false</IsAllowToJuice>
      <IsAllowToPickles>false</IsAllowToPickles>
      <IsNotProcessed>false</IsNotProcessed>
    </PlantLoadedInfo>
    <PlantLoadedInfo>
      <Name>Жгучий перец</Name>
      <IconName>Жгучий_перец.png</IconName>
      <PriceJoja>50</PriceJoja>
      <PricePiere>40</PricePiere>
      <PriceOther>0</PriceOther>
      <GradePrices>
        <GradePrice>
          <Grade>Ordinary</Grade>
          <Cost>40</Cost>
        </GradePrice>
        <GradePrice>
          <Grade>Silver</Grade>
          <Cost>50</Cost>
        </GradePrice>
        <GradePrice>
          <Grade>Gold</Grade>
          <Cost>60</Cost>
        </GradePrice>
        <GradePrice>
          <Grade>Iridium</Grade>
          <Cost>80</Cost>
        </GradePrice>
      </GradePrices>
      <SingleHarvest>1.03</SingleHarvest>
      <RipeningTime>5</RipeningTime>
      <AdditionalTime>3</AdditionalTime>
      <IsAllowToJuice>false</IsAllowToJuice>
      <IsAllowToPickles>false</IsAllowToPickles>
      <IsNotProcessed>false</IsNotProcessed>
    </PlantLoadedInfo>
    <PlantLoadedInfo>
      <Name>Карамбола</Name>
      <IconName>Карамбола.png</IconName>
      <PriceJoja>0</PriceJoja>
      <PricePiere>0</PricePiere>
      <PriceOther>400</PriceOther>
      <GradePrices>
        <GradePrice>
          <Grade>Ordinary</Grade>
          <Cost>750</Cost>
        </GradePrice>
        <GradePrice>
          <Grade>Silver</Grade>
          <Cost>937</Cost>
        </GradePrice>
        <GradePrice>
          <Grade>Gold</Grade>
          <Cost>1125</Cost>
        </GradePrice>
        <GradePrice>
          <Grade>Iridium</Grade>
          <Cost>1500</Cost>
        </GradePrice>
      </GradePrices>
      <SingleHarvest>1</SingleHarvest>
      <RipeningTime>13</RipeningTime>
      <AdditionalTime>0</AdditionalTime>
      <IsAllowToJuice>false</IsAllowToJuice>
      <IsAllowToPickles>false</IsAllowToPickles>
      <IsNotProcessed>false</IsNotProcessed>
    </PlantLoadedInfo>
    <PlantLoadedInfo>
      <Name>Корень Таро</Name>
      <IconName>Корень_Таро.png</IconName>
      <PriceJoja>0</PriceJoja>
      <PricePiere>0</PricePiere>
      <PriceOther>0</PriceOther>
      <GradePrices>
        <GradePrice>
          <Grade>Ordinary</Grade>
          <Cost>100</Cost>
        </GradePrice>
        <GradePrice>
          <Grade>Silver</Grade>
          <Cost>125</Cost>
        </GradePrice>
        <GradePrice>
          <Grade>Gold</Grade>
          <Cost>150</Cost>
        </GradePrice>
        <GradePrice>
          <Grade>Iridium</Grade>
          <Cost>200</Cost>
        </GradePrice>
      </GradePrices>
      <SingleHarvest>1</SingleHarvest>
      <RipeningTime>7</RipeningTime>
      <AdditionalTime>0</AdditionalTime>
      <IsAllowToJuice>true</IsAllowToJuice>
      <IsAllowToPickles>true</IsAllowToPickles>
      <IsNotProcessed>false</IsNotProcessed>
    </PlantLoadedInfo>
    <PlantLoadedInfo>
      <Name>Красная капуста</Name>
      <IconName>Красная_капуста.png</IconName>
      <PriceJoja>0</PriceJoja>
      <PricePiere>100</PricePiere>
      <PriceOther>0</PriceOther>
      <GradePrices>
        <GradePrice>
          <Grade>Ordinary</Grade>
          <Cost>260</Cost>
        </GradePrice>
        <GradePrice>
          <Grade>Silver</Grade>
          <Cost>325</Cost>
        </GradePrice>
        <GradePrice>
          <Grade>Gold</Grade>
          <Cost>390</Cost>
        </GradePrice>
        <GradePrice>
          <Grade>Iridium</Grade>
          <Cost>520</Cost>
        </GradePrice>
      </GradePrices>
      <SingleHarvest>1</SingleHarvest>
      <RipeningTime>9</RipeningTime>
      <AdditionalTime>0</AdditionalTime>
      <IsAllowToJuice>true</IsAllowToJuice>
      <IsAllowToPickles>true</IsAllowToPickles>
      <IsNotProcessed>false</IsNotProcessed>
    </PlantLoadedInfo>
    <PlantLoadedInfo>
      <Name>Кукуруза</Name>
      <IconName>Кукуруза.png</IconName>
      <PriceJoja>187</PriceJoja>
      <PricePiere>150</PricePiere>
      <PriceOther>0</PriceOther>
      <GradePrices>
        <GradePrice>
          <Grade>Ordinary</Grade>
          <Cost>50</Cost>
        </GradePrice>
        <GradePrice>
          <Grade>Silver</Grade>
          <Cost>62</Cost>
        </GradePrice>
        <GradePrice>
          <Grade>Gold</Grade>
          <Cost>75</Cost>
        </GradePrice>
        <GradePrice>
          <Grade>Iridium</Grade>
          <Cost>100</Cost>
        </GradePrice>
      </GradePrices>
      <SingleHarvest>1</SingleHarvest>
      <RipeningTime>14</RipeningTime>
      <AdditionalTime>4</AdditionalTime>
      <IsAllowToJuice>true</IsAllowToJuice>
      <IsAllowToPickles>true</IsAllowToPickles>
      <IsNotProcessed>false</IsNotProcessed>
    <!--  <TimeModifier>2</TimeModifier>-->
    </PlantLoadedInfo>
    <PlantLoadedInfo>
      <Name>Летний блестник</Name>
      <IconName>Летний_блестник.png</IconName>
      <PriceJoja>62</PriceJoja>
      <PricePiere>50</PricePiere>
      <PriceOther>0</PriceOther>
      <GradePrices>
        <GradePrice>
          <Grade>Ordinary</Grade>
          <Cost>90</Cost>
        </GradePrice>
        <GradePrice>
          <Grade>Silver</Grade>
          <Cost>112</Cost>
        </GradePrice>
        <GradePrice>
          <Grade>Gold</Grade>
          <Cost>135</Cost>
        </GradePrice>
        <GradePrice>
          <Grade>Iridium</Grade>
          <Cost>180</Cost>
        </GradePrice>
      </GradePrices>
      <SingleHarvest>1</SingleHarvest>
      <RipeningTime>8</RipeningTime>
      <AdditionalTime>0</AdditionalTime>
      <IsAllowToJuice>false</IsAllowToJuice>
      <IsAllowToPickles>false</IsAllowToPickles>
      <IsNotProcessed>true</IsNotProcessed>
    </PlantLoadedInfo>
    <PlantLoadedInfo>
      <Name>Мак</Name>
      <IconName>Мак.png</IconName>
      <PriceJoja>125</PriceJoja>
      <PricePiere>100</PricePiere>
      <PriceOther>0</PriceOther>
      <GradePrices>
        <GradePrice>
          <Grade>Ordinary</Grade>
          <Cost>140</Cost>
        </GradePrice>
        <GradePrice>
          <Grade>Silver</Grade>
          <Cost>175</Cost>
        </GradePrice>
        <GradePrice>
          <Grade>Gold</Grade>
          <Cost>210</Cost>
        </GradePrice>
        <GradePrice>
          <Grade>Iridium</Grade>
          <Cost>280</Cost>
        </GradePrice>
      </GradePrices>
      <SingleHarvest>1</SingleHarvest>
      <RipeningTime>7</RipeningTime>
      <AdditionalTime>0</AdditionalTime>
      <IsAllowToJuice>false</IsAllowToJuice>
      <IsAllowToPickles>false</IsAllowToPickles>
      <IsNotProcessed>true</IsNotProcessed>
    </PlantLoadedInfo>
    <PlantLoadedInfo>
      <Name>Подсолнух</Name>
      <IconName>Подсолнух.png</IconName>
      <PriceJoja>125</PriceJoja>
      <PricePiere>200</PricePiere>
      <PriceOther>0</PriceOther>
      <GradePrices>
        <GradePrice>
          <Grade>Ordinary</Grade>
          <Cost>80</Cost>
        </GradePrice>
        <GradePrice>
          <Grade>Silver</Grade>
          <Cost>100</Cost>
        </GradePrice>
        <GradePrice>
          <Grade>Gold</Grade>
          <Cost>120</Cost>
        </GradePrice>
        <GradePrice>
          <Grade>Iridium</Grade>
          <Cost>160</Cost>
        </GradePrice>
      </GradePrices>
      <SingleHarvest>1</SingleHarvest>
      <RipeningTime>8</RipeningTime>
      <AdditionalTime>0</AdditionalTime>
      <IsAllowToJuice>false</IsAllowToJuice>
      <IsAllowToPickles>false</IsAllowToPickles>
      <IsNotProcessed>true</IsNotProcessed>
    </PlantLoadedInfo>
    <PlantLoadedInfo>
      <Name>Помидор</Name>
      <IconName>Помидор.png</IconName>
      <PriceJoja>62</PriceJoja>
      <PricePiere>500</PricePiere>
      <PriceOther>0</PriceOther>
      <GradePrices>
        <GradePrice>
          <Grade>Ordinary</Grade>
          <Cost>60</Cost>
        </GradePrice>
        <GradePrice>
          <Grade>Silver</Grade>
          <Cost>75</Cost>
        </GradePrice>
        <GradePrice>
          <Grade>Gold</Grade>
          <Cost>90</Cost>
        </GradePrice>
        <GradePrice>
          <Grade>Iridium</Grade>
          <Cost>120</Cost>
        </GradePrice>
      </GradePrices>
      <SingleHarvest>1.05</SingleHarvest>
      <RipeningTime>11</RipeningTime>
      <AdditionalTime>4</AdditionalTime>
      <IsAllowToJuice>true</IsAllowToJuice>
      <IsAllowToPickles>true</IsAllowToPickles>
      <IsNotProcessed>false</IsNotProcessed>
    </PlantLoadedInfo>
    <PlantLoadedInfo>
      <Name>Пшеница</Name>
      <IconName>Пшеница.png</IconName>
      <PriceJoja>12</PriceJoja>
      <PricePiere>10</PricePiere>
      <PriceOther>0</PriceOther>
      <GradePrices>
        <GradePrice>
          <Grade>Ordinary</Grade>
          <Cost>25</Cost>
        </GradePrice>
        <GradePrice>
          <Grade>Silver</Grade>
          <Cost>31</Cost>
        </GradePrice>
        <GradePrice>
          <Grade>Gold</Grade>
          <Cost>37</Cost>
        </GradePrice>
        <GradePrice>
          <Grade>Iridium</Grade>
          <Cost>50</Cost>
        </GradePrice>
      </GradePrices>
      <SingleHarvest>1</SingleHarvest>
      <RipeningTime>4</RipeningTime>
      <AdditionalTime>0</AdditionalTime>
      <IsAllowToJuice>true</IsAllowToJuice>
      <IsAllowToPickles>true</IsAllowToPickles>
      <IsNotProcessed>false</IsNotProcessed>
      <!--<TimeModifier>2</TimeModifier>-->
    </PlantLoadedInfo>
    <PlantLoadedInfo>
      <Name>Редис</Name>
      <IconName>Пшеница.png</IconName>
      <PriceJoja>50</PriceJoja>
      <PricePiere>40</PricePiere>
      <PriceOther>0</PriceOther>
      <GradePrices>
        <GradePrice>
          <Grade>Ordinary</Grade>
          <Cost>90</Cost>
        </GradePrice>
        <GradePrice>
          <Grade>Silver</Grade>
          <Cost>112</Cost>
        </GradePrice>
        <GradePrice>
          <Grade>Gold</Grade>
          <Cost>135</Cost>
        </GradePrice>
        <GradePrice>
          <Grade>Iridium</Grade>
          <Cost>180</Cost>
        </GradePrice>
      </GradePrices>
      <SingleHarvest>1</SingleHarvest>
      <RipeningTime>6</RipeningTime>
      <AdditionalTime>0</AdditionalTime>
      <IsAllowToJuice>true</IsAllowToJuice>
      <IsAllowToPickles>true</IsAllowToPickles>
      <IsNotProcessed>false</IsNotProcessed>
    </PlantLoadedInfo>
    <PlantLoadedInfo>
      <Name>Хмель</Name>
      <IconName>Хмель.png</IconName>
      <PriceJoja>50</PriceJoja>
      <PricePiere>40</PricePiere>
      <PriceOther>0</PriceOther>
      <GradePrices>
        <GradePrice>
          <Grade>Ordinary</Grade>
          <Cost>90</Cost>
        </GradePrice>
        <GradePrice>
          <Grade>Silver</Grade>
          <Cost>112</Cost>
        </GradePrice>
        <GradePrice>
          <Grade>Gold</Grade>
          <Cost>135</Cost>
        </GradePrice>
        <GradePrice>
          <Grade>Iridium</Grade>
          <Cost>180</Cost>
        </GradePrice>
      </GradePrices>
      <SingleHarvest>1</SingleHarvest>
      <RipeningTime>11</RipeningTime>
      <AdditionalTime>1</AdditionalTime>
      <IsAllowToJuice>true</IsAllowToJuice>
      <IsAllowToPickles>true</IsAllowToPickles>
      <IsNotProcessed>false</IsNotProcessed>
    </PlantLoadedInfo>
    <PlantLoadedInfo>
      <Name>Черника</Name>
      <IconName>Черника.png</IconName>
      <PriceJoja>0</PriceJoja>
      <PricePiere>80</PricePiere>
      <PriceOther>0</PriceOther>
      <GradePrices>
        <GradePrice>
          <Grade>Ordinary</Grade>
          <Cost>50</Cost>
        </GradePrice>
        <GradePrice>
          <Grade>Silver</Grade>
          <Cost>62</Cost>
        </GradePrice>
        <GradePrice>
          <Grade>Gold</Grade>
          <Cost>75</Cost>
        </GradePrice>
        <GradePrice>
          <Grade>Iridium</Grade>
          <Cost>100</Cost>
        </GradePrice>
      </GradePrices>
      <SingleHarvest>1.06</SingleHarvest>
      <RipeningTime>13</RipeningTime>
      <AdditionalTime>4</AdditionalTime>
      <IsAllowToJuice>false</IsAllowToJuice>
      <IsAllowToPickles>false</IsAllowToPickles>
      <IsNotProcessed>false</IsNotProcessed>
    </PlantLoadedInfo>
  </Summer>
  <Autumn>
    <PlantLoadedInfo>
      <Name>Амарант</Name>
      <IconName>Амарант.png</IconName>
      <PriceJoja>87</PriceJoja>
      <PricePiere>70</PricePiere>
      <PriceOther>0</PriceOther>
      <GradePrices>
        <GradePrice>
          <Grade>Ordinary</Grade>
          <Cost>150</Cost>
        </GradePrice>
        <GradePrice>
          <Grade>Silver</Grade>
          <Cost>187</Cost>
        </GradePrice>
        <GradePrice>
          <Grade>Gold</Grade>
          <Cost>225</Cost>
        </GradePrice>
        <GradePrice>
          <Grade>Iridium</Grade>
          <Cost>300</Cost>
        </GradePrice>
      </GradePrices>
      <SingleHarvest>1</SingleHarvest>
      <RipeningTime>7</RipeningTime>
      <AdditionalTime>0</AdditionalTime>
      <IsAllowToJuice>true</IsAllowToJuice>
      <IsAllowToPickles>true</IsAllowToPickles>
      <IsNotProcessed>false</IsNotProcessed>
    </PlantLoadedInfo>
    <PlantLoadedInfo>
      <Name>Артишок</Name>
      <IconName>Артишок.png</IconName>
      <PriceJoja>0</PriceJoja>
      <PricePiere>30</PricePiere>
      <PriceOther>0</PriceOther>
      <GradePrices>
        <GradePrice>
          <Grade>Ordinary</Grade>
          <Cost>160</Cost>
        </GradePrice>
        <GradePrice>
          <Grade>Silver</Grade>
          <Cost>200</Cost>
        </GradePrice>
        <GradePrice>
          <Grade>Gold</Grade>
          <Cost>240</Cost>
        </GradePrice>
        <GradePrice>
          <Grade>Iridium</Grade>
          <Cost>320</Cost>
        </GradePrice>
      </GradePrices>
      <SingleHarvest>1</SingleHarvest>
      <RipeningTime>8</RipeningTime>
      <AdditionalTime>0</AdditionalTime>
      <IsAllowToJuice>true</IsAllowToJuice>
      <IsAllowToPickles>true</IsAllowToPickles>
      <IsNotProcessed>false</IsNotProcessed>
    </PlantLoadedInfo>
    <PlantLoadedInfo>
      <Name>Баклажан</Name>
      <IconName>Баклажан.png</IconName>
      <PriceJoja>25</PriceJoja>
      <PricePiere>20</PricePiere>
      <PriceOther>0</PriceOther>
      <GradePrices>
        <GradePrice>
          <Grade>Ordinary</Grade>
          <Cost>60</Cost>
        </GradePrice>
        <GradePrice>
          <Grade>Silver</Grade>
          <Cost>75</Cost>
        </GradePrice>
        <GradePrice>
          <Grade>Gold</Grade>
          <Cost>90</Cost>
        </GradePrice>
        <GradePrice>
          <Grade>Iridium</Grade>
          <Cost>120</Cost>
        </GradePrice>
      </GradePrices>
      <SingleHarvest>1.02</SingleHarvest>
      <RipeningTime>5</RipeningTime>
      <AdditionalTime>5</AdditionalTime>
      <IsAllowToJuice>true</IsAllowToJuice>
      <IsAllowToPickles>true</IsAllowToPickles>
      <IsNotProcessed>false</IsNotProcessed>
    </PlantLoadedInfo>
    <PlantLoadedInfo>
      <Name>Батат</Name>
      <IconName>Батат.png</IconName>
      <PriceJoja>75</PriceJoja>
      <PricePiere>60</PricePiere>
      <PriceOther>0</PriceOther>
      <GradePrices>
        <GradePrice>
          <Grade>Ordinary</Grade>
          <Cost>160</Cost>
        </GradePrice>
        <GradePrice>
          <Grade>Silver</Grade>
          <Cost>200</Cost>
        </GradePrice>
        <GradePrice>
          <Grade>Gold</Grade>
          <Cost>240</Cost>
        </GradePrice>
        <GradePrice>
          <Grade>Iridium</Grade>
          <Cost>320</Cost>
        </GradePrice>
      </GradePrices>
      <SingleHarvest>1</SingleHarvest>
      <RipeningTime>10</RipeningTime>
      <AdditionalTime>0</AdditionalTime>
      <IsAllowToJuice>true</IsAllowToJuice>
      <IsAllowToPickles>true</IsAllowToPickles>
      <IsNotProcessed>false</IsNotProcessed>
    </PlantLoadedInfo>
    <PlantLoadedInfo>
      <Name>Бок-чой</Name>
      <IconName>Бок-чой.png</IconName>
      <PriceJoja>62</PriceJoja>
      <PricePiere>50</PricePiere>
      <PriceOther>0</PriceOther>
      <GradePrices>
        <GradePrice>
          <Grade>Ordinary</Grade>
          <Cost>80</Cost>
        </GradePrice>
        <GradePrice>
          <Grade>Silver</Grade>
          <Cost>100</Cost>
        </GradePrice>
        <GradePrice>
          <Grade>Gold</Grade>
          <Cost>120</Cost>
        </GradePrice>
        <GradePrice>
          <Grade>Iridium</Grade>
          <Cost>160</Cost>
        </GradePrice>
      </GradePrices>
      <SingleHarvest>1</SingleHarvest>
      <RipeningTime>4</RipeningTime>
      <AdditionalTime>0</AdditionalTime>
      <IsAllowToJuice>true</IsAllowToJuice>
      <IsAllowToPickles>true</IsAllowToPickles>
      <IsNotProcessed>false</IsNotProcessed>
    </PlantLoadedInfo>
    <PlantLoadedInfo>
      <Name>Виноград</Name>
      <IconName>Виноград.png</IconName>
      <PriceJoja>75</PriceJoja>
      <PricePiere>60</PricePiere>
      <PriceOther>0</PriceOther>
      <GradePrices>
        <GradePrice>
          <Grade>Ordinary</Grade>
          <Cost>80</Cost>
        </GradePrice>
        <GradePrice>
          <Grade>Silver</Grade>
          <Cost>100</Cost>
        </GradePrice>
        <GradePrice>
          <Grade>Gold</Grade>
          <Cost>120</Cost>
        </GradePrice>
        <GradePrice>
          <Grade>Iridium</Grade>
          <Cost>160</Cost>
        </GradePrice>
      </GradePrices>
      <SingleHarvest>1</SingleHarvest>
      <RipeningTime>10</RipeningTime>
      <AdditionalTime>3</AdditionalTime>
      <IsAllowToJuice>false</IsAllowToJuice>
      <IsAllowToPickles>false</IsAllowToPickles>
      <IsNotProcessed>false</IsNotProcessed>
    </PlantLoadedInfo>
    <PlantLoadedInfo>
      <Name>Клюква</Name>
      <IconName>Клюква.png</IconName>
      <PriceJoja>300</PriceJoja>
      <PricePiere>240</PricePiere>
      <PriceOther>0</PriceOther>
      <GradePrices>
        <GradePrice>
          <Grade>Ordinary</Grade>
          <Cost>75</Cost>
        </GradePrice>
        <GradePrice>
          <Grade>Silver</Grade>
          <Cost>93</Cost>
        </GradePrice>
        <GradePrice>
          <Grade>Gold</Grade>
          <Cost>112</Cost>
        </GradePrice>
        <GradePrice>
          <Grade>Iridium</Grade>
          <Cost>150</Cost>
        </GradePrice>
      </GradePrices>
      <SingleHarvest>2.11</SingleHarvest>
      <RipeningTime>7</RipeningTime>
      <AdditionalTime>5</AdditionalTime>
      <IsAllowToJuice>false</IsAllowToJuice>
      <IsAllowToPickles>false</IsAllowToPickles>
      <IsNotProcessed>false</IsNotProcessed>
    </PlantLoadedInfo>
    <PlantLoadedInfo>
      <Name>Свёкла</Name>
      <IconName>Свёкла.png</IconName>
      <PriceJoja>0</PriceJoja>
      <PricePiere>0</PricePiere>
      <PriceOther>20</PriceOther>
      <GradePrices>
        <GradePrice>
          <Grade>Ordinary</Grade>
          <Cost>100</Cost>
        </GradePrice>
        <GradePrice>
          <Grade>Silver</Grade>
          <Cost>125</Cost>
        </GradePrice>
        <GradePrice>
          <Grade>Gold</Grade>
          <Cost>150</Cost>
        </GradePrice>
        <GradePrice>
          <Grade>Iridium</Grade>
          <Cost>200</Cost>
        </GradePrice>
      </GradePrices>
      <SingleHarvest>1</SingleHarvest>
      <RipeningTime>6</RipeningTime>
      <AdditionalTime>0</AdditionalTime>
      <IsAllowToJuice>true</IsAllowToJuice>
      <IsAllowToPickles>true</IsAllowToPickles>
      <IsNotProcessed>false</IsNotProcessed>
    </PlantLoadedInfo>
    <PlantLoadedInfo>
      <Name>Сказочная роза</Name>
      <IconName>Сказочная_роза.png</IconName>
      <PriceJoja>250</PriceJoja>
      <PricePiere>200</PricePiere>
      <PriceOther>0</PriceOther>
      <GradePrices>
        <GradePrice>
          <Grade>Ordinary</Grade>
          <Cost>290</Cost>
        </GradePrice>
        <GradePrice>
          <Grade>Silver</Grade>
          <Cost>362</Cost>
        </GradePrice>
        <GradePrice>
          <Grade>Gold</Grade>
          <Cost>435</Cost>
        </GradePrice>
        <GradePrice>
          <Grade>Iridium</Grade>
          <Cost>580</Cost>
        </GradePrice>
      </GradePrices>
      <SingleHarvest>1</SingleHarvest>
      <RipeningTime>12</RipeningTime>
      <AdditionalTime>0</AdditionalTime>
      <IsAllowToJuice>false</IsAllowToJuice>
      <IsAllowToPickles>false</IsAllowToPickles>
      <IsNotProcessed>true</IsNotProcessed>
    </PlantLoadedInfo>
    <PlantLoadedInfo>
      <Name>Тыква</Name>
      <IconName>Тыква.png</IconName>
      <PriceJoja>125</PriceJoja>
      <PricePiere>100</PricePiere>
      <PriceOther>0</PriceOther>
      <GradePrices>
        <GradePrice>
          <Grade>Ordinary</Grade>
          <Cost>320</Cost>
        </GradePrice>
        <GradePrice>
          <Grade>Silver</Grade>
          <Cost>400</Cost>
        </GradePrice>
        <GradePrice>
          <Grade>Gold</Grade>
          <Cost>480</Cost>
        </GradePrice>
        <GradePrice>
          <Grade>Iridium</Grade>
          <Cost>640</Cost>
        </GradePrice>
      </GradePrices>
      <SingleHarvest>1</SingleHarvest>
      <RipeningTime>13</RipeningTime>
      <AdditionalTime>0</AdditionalTime>
      <IsAllowToJuice>true</IsAllowToJuice>
      <IsAllowToPickles>true</IsAllowToPickles>
      <IsNotProcessed>false</IsNotProcessed>
    </PlantLoadedInfo>
  </Autumn>
  <Other>
    <PlantLoadedInfo>
      <Name>Древний плод</Name>
      <IconName>Древний_плод.png</IconName>
      <PriceJoja>0</PriceJoja>
      <PricePiere>0</PricePiere>
      <PriceOther>450</PriceOther>
      <GradePrices>
        <GradePrice>
          <Grade>Ordinary</Grade>
          <Cost>550</Cost>
        </GradePrice>
        <GradePrice>
          <Grade>Silver</Grade>
          <Cost>687</Cost>
        </GradePrice>
        <GradePrice>
          <Grade>Gold</Grade>
          <Cost>825</Cost>
        </GradePrice>
        <GradePrice>
          <Grade>Iridium</Grade>
          <Cost>1100</Cost>
        </GradePrice>
      </GradePrices>
      <SingleHarvest>1</SingleHarvest>
      <RipeningTime>28</RipeningTime>
      <AdditionalTime>7</AdditionalTime>
      <IsAllowToJuice>false</IsAllowToJuice>
      <IsAllowToPickles>false</IsAllowToPickles>
      <IsNotProcessed>false</IsNotProcessed>
      <!--<TimeModifier>3</TimeModifier>-->
    </PlantLoadedInfo>
    <PlantLoadedInfo>
      <Name>Сладкая ягодка</Name>
      <IconName>Сладкая_ягодка.png</IconName>
      <PriceJoja>0</PriceJoja>
      <PricePiere>0</PricePiere>
      <PriceOther>1000</PriceOther>
      <GradePrices>
        <GradePrice>
          <Grade>Ordinary</Grade>
          <Cost>3000</Cost>
        </GradePrice>
        <GradePrice>
          <Grade>Silver</Grade>
          <Cost>3750</Cost>
        </GradePrice>
        <GradePrice>
          <Grade>Gold</Grade>
          <Cost>4500</Cost>
        </GradePrice>
        <GradePrice>
          <Grade>Iridium</Grade>
          <Cost>6000</Cost>
        </GradePrice>
      </GradePrices>
      <SingleHarvest>1</SingleHarvest>
      <RipeningTime>24</RipeningTime>
      <AdditionalTime>0</AdditionalTime>
      <IsAllowToJuice>false</IsAllowToJuice>
      <IsAllowToPickles>false</IsAllowToPickles>
      <IsNotProcessed>true</IsNotProcessed>
    </PlantLoadedInfo>
  </Other>
</PlantsData>